rmse,mse,mae,r2
399.39894865411924,159519.52018601575,356.0414871546027,0.7625150197433241
