rmse,mse,mae,r2
683.6858011658801,467426.27471583127,603.9376750939255,0.32646107906216526
