rmse,mse,mae,r2
347.4642714656925,120731.41994518443,262.4255472290736,0.8272760954614601
