rmse,mse,mae,r2
349.5475347494765,122183.47904943646,255.73595885098746,0.8193322371074271
