rmse,mse,mae,r2
582.294848773091,339067.2909076769,486.0977179676424,0.5123822077109539
