rmse,mse,mae,r2
651.2783121429753,424163.4398678028,570.5429544564524,0.3697692092213981
