rmse,mse,mae,r2
671.8948112444987,451442.6373772805,624.3529948219837,0.3292372147063545
