rmse,mse,mae,r2
768.7488908549402,590974.8571907007,700.340067705735,0.150110131855425
